iter	Logloss
0	0.6834800363
1	0.6739787012
